freq,w1,l1_leg,l1_top,l2,h1,l1_center,Tx_turns,Tx_width,Tx_height,Tx_space_x,Tx_space_y,Tx_preg,Rx_width,Rx_height,Rx_space_x,Rx_space_y,Rx_preg,g2,Tx_layer_space_x,Tx_layer_space_y,wire_diameter,strand_number,Tx_current,Rx_current,magnetizing_current,input_voltage,Lmt,Llt,copperloss_Tx,copperloss_Rx1,copperloss_Rx2,coreloss,magnetizing_copperloss_Tx,magnetizing_copperloss_Rx1,magnetizing_copperloss_Rx2,total_loss,B_center,B_left,Area,Volume
145.0,45.0,2.0,1.4,8.200000000000001,1.7,8.0,8.0,0.3937003937005905,0.3937003937005905,0.1,0.6000000000000001,0.17,4.0,0.14,0.1,0.7000000000000001,0.14,0.44,0.2,0.2,0.05,31.0,5.656854249492381,15.556349186104049,4.411282998391409,400.0,70.37723542931802,4.962333582537295,4.612078229717782,3.262196034896012,1.7409519938603073,4.681290665721667,3.280012859995068,2.5883370206739733,2.098421023141872,22.26328782800668,0.0923582550194029,0.2180669049760089,1475.905455905484,6641.574551574679
145.0,45.0,2.0,1.4,8.3,1.7,8.0,8.0,0.3937003937005905,0.3937003937005905,0.1,0.6000000000000001,0.05,4.0,0.14,0.1,0.8,0.14,0.42,0.2,0.2,0.05,31.0,5.656854249492381,15.556349186104049,4.307751735500277,400.0,72.0686616094151,4.875800891326007,4.715792710476436,3.174466132308019,1.7349321290532456,4.502190674575973,3.039663662407163,2.2432674765020497,1.897805241916572,21.30811802723946,0.0959429548403177,0.2108945148724669,1486.2991562991847,6688.346203346331
150.0,45.0,2.0,1.4,8.6,1.7,8.0,8.0,0.3937003937005905,0.3937003937005905,0.1,0.5,0.05,4.0,0.14,0.1,1.2000000000000002,0.13,0.44,0.2,0.2,0.05,31.0,5.656854249492381,15.556349186104049,4.2747085337334125,400.0,70.20488914057763,4.693735926902601,4.732232081625827,2.906375690836667,1.4510774654084049,4.893013982020812,3.2486323474738064,2.0001973463504923,1.6230922673068682,20.85462118102288,0.0909873889999071,0.1931191837253508,1517.4802574802864,6828.661158661289
150.0,45.0,2.0,1.4,8.6,1.7,8.0,8.0,0.3937003937005905,0.3937003937005905,0.8,0.5,0.05,4.0,0.14,0.1,1.3,0.13,0.44,0.2,0.2,0.05,31.0,5.656854249492381,15.556349186104049,4.265783549983063,400.0,70.35177364313925,4.688602015602522,4.704700670229137,2.883418751480192,1.314175094435987,4.86071998868793,3.313005289496988,2.058838606002057,1.6219081561593494,20.75676655649164,0.0895899207939478,0.1880981463483412,1537.9202574802862,6920.641158661288
150.0,45.0,2.0,1.4,8.6,1.7,8.0,8.0,0.3937003937005905,0.3937003937005905,0.9,0.5,0.06,4.0,0.14,0.1,1.3,0.13,0.44,0.2,0.2,0.05,31.0,5.656854249492381,15.556349186104049,4.294074483476978,400.0,69.88827042330095,4.688602015602522,4.6458668280885815,2.858464362611954,1.3041893774416051,4.86071998868793,3.313005289496988,2.058838606002057,1.6219081561593494,20.662992608488462,0.0854648574474377,0.1877708328601084,1540.8402574802865,6933.781158661288
145.0,43.0,2.0,1.4,10.6,1.72,8.0,8.0,0.3535533905932738,0.3535533905932738,0.1,0.4,0.05,4.0,0.14,0.1,3.2,0.17,0.44,0.2,0.2,0.05,25.0,5.656854249492381,15.556349186104049,4.555916980717165,400.0,68.14301126142783,4.732161187891398,5.467870793063959,1.6717934301251791,0.3677525336873808,5.30706296792857,4.052229984089027,0.9483841132990132,0.688390427840649,18.50348425003378,0.1003981123740694,0.2151829577089748,1652.2898628384835,7468.350180029946
145.0,44.0,2.0,1.4,10.5,1.72,8.0,8.0,0.3605551275463989,0.3605551275463989,0.1,0.5,0.05,4.0,0.105,0.1,3.3000000000000003,0.16,0.44,0.2,0.2,0.05,26.0,5.656854249492381,15.556349186104049,4.51957130492126,400.0,68.69100655300953,4.765691750295844,5.0947214933040605,1.7158314123797285,0.4457500131386859,4.941804543258501,3.738280061541456,1.0674818239909278,0.797141427818346,17.801010775431706,0.1002970899472523,0.2229988764094777,1676.4915960451558,7577.742014124105
145.0,44.0,2.0,1.4,10.6,1.71,8.0,8.0,0.3535533905932738,0.3535533905932738,0.1,0.5,0.05,4.2,0.14,0.1,3.3000000000000003,0.12,0.44,0.2,0.2,0.05,25.0,5.656854249492381,15.556349186104049,4.510467247631175,400.0,68.82965446344511,4.655903090928665,5.106622125775714,1.6255504011034898,0.3928238995012558,4.941804543258501,3.8787588975253793,0.9665887738685784,0.6899841786584677,17.602132819691384,0.0976220186418801,0.209393745024067,1692.1298628384836,7631.505681401561
145.0,44.0,2.0,1.4,10.7,1.71,8.0,8.0,0.3605551275463989,0.3605551275463989,0.1,0.5,0.05,4.0,0.14,0.1,3.3000000000000003,0.16,0.44,0.2,0.2,0.05,26.0,5.656854249492381,15.556349186104049,4.51957130492126,400.0,68.69100655300953,4.758468084478501,5.0947214933040605,1.7182297094136878,0.393087685859295,4.941804543258501,3.738280061541456,0.9507197681820156,0.6935133567981262,17.53035661835714,0.0980103779065259,0.2233739993215642,1696.812706300249,7652.625305414122
145.0,44.0,2.0,1.4,10.7,1.7,8.0,8.0,0.3937003937005905,0.3937003937005905,0.1,0.5,0.05,4.2,0.14,0.1,3.0,0.12,0.42,0.2,0.2,0.05,31.0,5.656854249492381,15.556349186104049,4.449919056331882,400.0,69.7661908437163,4.610394837530459,4.616614195200069,1.650889850330998,0.4507481577245907,4.974117633860931,3.6908834287519134,1.07987356625772,0.7987221528071475,17.26184898493337,0.0995828039947965,0.2125941614549657,1709.0279657479991,7690.625845865996
145.0,44.0,2.0,1.4,10.9,1.7,8.0,8.0,0.3937003937005905,0.3937003937005905,0.1,0.6000000000000001,0.16,4.0,0.14,0.1,3.5,0.11,0.44,0.2,0.2,0.05,31.0,5.656854249492381,15.556349186104049,4.509749596847735,400.0,68.84060754507166,4.810707487953437,4.5811598445892185,1.513479987457272,0.3660978572092216,4.941804543258501,3.7595160947284,1.0010314720503668,0.6647672960957857,16.827857095388765,0.0866856743713465,0.2155767245138549,1722.7353665354,7752.3091494093
145.0,45.0,2.0,1.4,10.7,1.72,8.0,8.0,0.3605551275463989,0.3605551275463989,0.1,0.6000000000000001,0.12,4.0,0.14,0.1,3.4000000000000004,0.11,0.44,0.2,0.2,0.05,26.0,5.656854249492381,15.556349186104049,4.307027823596045,400.0,72.08077468697063,4.694823057509754,5.060020420595202,1.759948976233144,0.3930956581648323,4.446352332170918,3.508762434256413,0.861799964116516,0.5916421816618136,16.62162196719884,0.0873283931574436,0.1929590115872769,1730.212706300249,7820.561432477126
145.0,45.0,2.0,1.4,10.9,1.7,8.0,8.0,0.3937003937005905,0.3937003937005905,0.1,0.6000000000000001,0.17,4.0,0.14,0.1,3.5,0.11,0.44,0.2,0.2,0.05,31.0,5.656854249492381,15.556349186104049,4.294249673891998,400.0,72.29526126778907,4.835135718906868,4.6003087988787055,1.5143355826468896,0.3662309991605177,4.446352332170918,3.5317969337102486,0.8821386000811854,0.6055651149267194,15.946728361575186,0.0876017141430373,0.2022744843045689,1756.5353665353998,7904.409149409299
145.0,44.0,2.0,1.4,11.3,1.7,8.0,8.0,0.4123105625617661,0.4123105625617661,0.1,0.5,0.15,4.0,0.14,0.1,3.9,0.14,0.44,0.2,0.2,0.05,34.0,5.656854249492381,15.556349186104049,4.499930314952304,400.0,68.9908243893396,5.596864565457064,4.560547528600057,1.1054690788293553,0.2765936561072834,4.941804543258501,3.7832894771907615,0.7309279502544106,0.4819921253752825,15.880624359615652,0.0898392603093717,0.2243430836557686,1766.7297273231854,7950.283772954334
145.0,45.0,2.0,1.4,11.3,1.7,8.0,8.0,0.3937003937005905,0.3937003937005905,0.1,0.5,0.18,4.0,0.14,0.1,3.9,0.1,0.44,0.2,0.2,0.05,31.0,5.656854249492381,15.556349186104049,4.323429075292919,400.0,71.80733087476551,5.586261178337259,4.616651526750992,1.1060527072945154,0.2818741917705251,4.446352332170918,3.558261839839634,0.6439941217826015,0.439887705517427,15.093074425126613,0.0914584706059848,0.2019065811840288,1798.1101681102025,8091.49575649591
145.0,45.0,2.0,1.4,11.4,1.7,8.0,8.0,0.3937003937005905,0.3937003937005905,0.1,0.6000000000000001,0.13,4.0,0.14,0.1,3.9,0.09,0.44,0.2,0.2,0.05,31.0,5.656854249492381,15.556349186104049,4.283718687639873,400.0,72.47299011928943,5.586261178337259,4.620449652203001,1.108174154666471,0.2877950319447788,4.446352332170918,3.5317969337102486,0.6439941217826015,0.4428145700867572,15.081376796564774,0.0892684834138016,0.1983066740923756,1808.5038685039028,8138.267408267563
145.0,45.0,2.0,1.4,11.4,1.75,8.0,8.0,0.3937003937005905,0.3937003937005905,0.1,0.7000000000000001,0.18,4.0,0.14,0.1,3.9,0.1,0.44,0.2,0.2,0.05,31.0,5.656854249492381,15.556349186104049,4.276991640053495,400.0,72.58697894468108,5.4117861448930205,4.598379164307969,1.12095515658454,0.3023343718533691,4.456915805249831,3.4773136502200286,0.6662330534239062,0.4560021675014432,15.078133369141089,0.0887956850784078,0.2001011685925389,1808.5038685039028,8228.69260169276
145.0,45.0,2.0,1.4,11.4,1.74,8.0,8.0,0.4358898943540674,0.4358898943540674,0.1,0.5,0.18,4.0,0.14,0.1,3.9,0.13,0.44,0.2,0.2,0.05,38.0,5.656854249492381,15.556349186104049,4.323429075292919,400.0,71.80733087476551,5.586700011542469,4.317002621222516,1.1178727406414366,0.2863995921077686,4.446352332170918,3.55253717455312,0.6645646838085185,0.4625272436823066,14.847256388186585,0.0913505616279811,0.203901461384735,1815.844841617608,8243.935580943938
145.0,45.0,2.0,1.4,11.6,1.7,8.0,8.0,0.4301162633521314,0.4301162633521314,0.1,0.7000000000000001,0.16,4.0,0.14,0.1,3.9,0.11,0.44,0.2,0.2,0.05,37.0,5.656854249492381,15.556349186104049,4.276991640053495,400.0,72.58697894468108,5.421115042027311,4.325667089253548,1.1208608159381117,0.3104386617559474,4.456915805249831,3.415341499704486,0.689351883803575,0.4739018434014193,14.79247759910692,0.0879711164998458,0.1998469672644955,1835.700462349976,8260.65208057489
145.0,45.0,2.0,1.4,12.5,1.72,8.0,8.0,0.4301162633521314,0.4301162633521314,0.1,0.7000000000000001,0.15,4.5,0.14,0.1,3.9,0.13,0.43,0.2,0.2,0.05,37.0,5.656854249492381,15.556349186104049,4.25412082175643,400.0,72.97721788610617,5.14399546047019,4.205783363140066,0.921692134213992,0.2826880224626307,4.467932053864936,3.3998261608688063,0.6875186499848045,0.4644063983095466,14.429846782844784,0.0882753254770445,0.2049388964527064,1948.0715087201445,8805.283219415052
145.0,45.0,2.0,1.4,12.5,1.75,8.0,8.0,0.4301162633521314,0.4301162633521314,0.1,0.7000000000000001,0.15,4.5,0.14,0.1,3.9,0.11,0.43,0.2,0.2,0.05,37.0,5.656854249492381,15.556349186104049,4.25412082175643,400.0,72.97721788610617,5.102761000135649,4.213202683394807,0.9150718806464548,0.2795597451465798,4.467932053864936,3.3998261608688063,0.6902459426479829,0.4628770254604775,14.428715492030046,0.0882753254770445,0.1976399046078625,1948.0715087201445,8863.725364676659
145.0,45.0,2.0,1.4,13.1,1.73,8.0,8.0,0.4358898943540674,0.4358898943540674,0.2,0.6000000000000001,0.14,5.300000000000001,0.175,1.4,4.0,0.16,0.45,0.4,0.2,0.05,38.0,5.656854249492381,15.556349186104049,4.465043583935697,400.0,69.52987048997439,4.828122720293764,3.99678742132471,0.7077313723760695,0.200411838763661,4.502297295705591,3.78104338767144,0.6930004153688427,0.4237300325268397,14.305001763737154,0.0941750603696224,0.2334893086010015,2126.954969821627,9635.10601329197
145.0,43.0,2.1,1.4,13.4,1.92,8.0,8.0,0.4527692569068708,0.4527692569068708,1.2000000000000002,0.8,0.13,5.2,0.175,1.2000000000000002,3.9,0.16,0.44,0.2,0.2,0.05,41.0,5.656854249492381,15.556349186104049,4.477787770884327,400.0,69.3319822216201,4.614464580421641,3.719036692856564,0.7865863703611994,0.2513542468202027,4.793365935893973,3.4639050683820933,0.7332234309039146,0.4509489381013655,14.198420683319313,0.0798031877690656,0.2223321024460254,2092.89000509684,9878.440824057088
145.0,45.0,2.0,1.4,13.4,1.83,8.0,8.0,0.4358898943540674,0.4358898943540674,1.2000000000000002,0.7000000000000001,0.11,5.1000000000000005,0.175,1.4,3.9,0.13,0.46,0.2,0.2,0.05,38.0,5.656854249492381,15.556349186104049,4.513242185738103,400.0,68.78733499039292,4.719734810031752,3.93273324584205,0.8134997035080863,0.2479699551643756,4.3788163663566895,3.701543851111692,0.6907975785941307,0.4187484297286127,14.184109130305636,0.0835614499703668,0.2268152772054966,2160.362639504689,10002.479020906712
145.0,45.0,2.0,1.4,13.4,1.83,8.0,8.0,0.4358898943540674,0.4358898943540674,1.2000000000000002,0.7000000000000001,0.14,5.2,0.175,1.4,3.9,0.15,0.46,0.2,0.2,0.05,38.0,5.656854249492381,15.556349186104049,4.513242185738103,400.0,68.78733499039292,4.5771303673126384,3.907358293055639,0.8025959404687093,0.2403919172846231,4.353498523664217,3.6938273146548624,0.6895881735654518,0.408004949439228,14.095265112132733,0.0804881129168599,0.2295093520439406,2164.242639504689,10020.443420906711
145.0,45.0,2.0,1.4,13.4,1.92,8.0,8.0,0.4358898943540674,0.4358898943540674,1.0,0.7000000000000001,0.16,5.2,0.175,1.4,3.9,0.16,0.45,0.2,0.2,0.05,38.0,5.656854249492381,15.556349186104049,4.400244527524352,400.0,70.55378404113519,4.653644802165545,3.869347482596885,0.7910664639402485,0.2394412360841691,4.446287872838545,3.594283218585808,0.6595681341049755,0.3880019189979308,13.987996327148563,0.0812923375073317,0.2313752471482942,2156.482639504689,10178.598058462134
145.0,45.0,2.0,1.4,13.4,1.92,8.0,8.0,0.4358898943540674,0.4358898943540674,1.2000000000000002,0.8,0.13,5.2,0.175,1.2000000000000002,3.9,0.17,0.46,0.2,0.2,0.05,38.0,5.656854249492381,15.556349186104049,4.504597885474242,400.0,68.91933753382199,4.6540077088336655,3.743148765880615,0.8050884554883104,0.2468908888292434,4.353498523664217,3.5666147564096846,0.7085209845561852,0.4482369824005091,13.871999357228765,0.0804098344752814,0.2261884712670157,2156.4826395046894,10178.598058462136
145.0,70.0,2.0,1.4,11.8,1.74,8.0,7.0,0.4358898943540674,0.4358898943540674,0.2,0.9,0.12,4.0,0.175,0.7000000000000001,3.9,0.16,0.58,0.2,0.2,0.05,38.0,5.656854249492381,15.556349186104049,4.380609818158906,400.0,70.8700192462287,5.308306468958285,4.6138394072454245,1.0114225011119675,0.3564601752978507,3.1137947439475457,3.5489812766010616,0.7065337730356773,0.4430935075941897,13.794125384833718,0.0780533009852468,0.2092497441764965,2772.5084011950244,12587.188141425411
145.0,70.0,2.0,1.4,11.9,1.76,8.0,7.0,0.4358898943540674,0.4358898943540674,1.3,1.0,0.07,4.0,0.175,0.9,3.9,0.16,0.5700000000000001,0.2,0.2,0.05,38.0,5.656854249492381,15.556349186104049,4.313409453817707,400.0,71.9741321678525,5.2488778204372695,4.602121170813748,1.1269772411303138,0.3971516107320894,3.16502610249994,3.393040402622084,0.6619551558837754,0.4471070108097158,13.793378694491668,0.0750395053985683,0.2112820407359632,2834.624291089378,12925.886767367563
145.0,70.0,2.0,1.4,11.9,1.76,8.0,7.0,0.4358898943540674,0.4358898943540674,1.4,1.0,0.08,4.0,0.175,0.9,3.9,0.16,0.5700000000000001,0.2,0.2,0.05,38.0,5.656854249492381,15.556349186104049,4.30963223517863,400.0,72.03721458851398,5.2488778204372695,4.602121170813748,1.115400138689565,0.388252103995023,3.16502610249994,3.393040402622084,0.6619551558837754,0.442108988023958,13.767904062528094,0.0762773849455631,0.2138954058791873,2838.2042910893783,12942.211567367567
145.0,70.0,2.0,1.4,11.7,1.71,8.0,7.0,0.4062019202317981,0.4062019202317981,1.4,0.9,0.14,4.0,0.175,2.1,3.9,0.16,0.58,0.4,0.2,0.05,33.0,5.656854249492381,15.556349186104049,4.320288142267656,400.0,71.85953619292331,5.366533148786191,4.844808469722949,1.0630240315172548,0.3123238094501727,2.967085976195638,3.442808704050625,0.6182309610613465,0.3474425213640206,13.595724473362008,0.0781452472798571,0.2078011649220663,2872.0377398810283,12952.890206863438
145.0,70.0,2.0,1.4,12.5,1.7,8.0,7.0,0.4183300132670378,0.4183300132670378,0.8,0.8,0.05,4.6000000000000005,0.175,0.1,3.9,0.17,0.58,0.2,0.2,0.05,35.0,5.656854249492381,15.556349186104049,4.382228353886579,400.0,70.84384405659733,5.18119498156469,4.568026480092506,0.8896804624845105,0.3207965744494313,3.0477209484021133,3.6467525125634186,0.6551607549209887,0.4114013526396258,13.539539085552594,0.075858998782235,0.1880031567984169,2900.4910524544016,13052.209736044808
145.0,70.0,2.0,1.4,12.5,1.7,8.0,7.0,0.3872983346207417,0.3872983346207417,0.8,0.9,0.14,4.6000000000000005,0.175,0.4,3.9,0.17,0.58,0.2,0.2,0.05,30.0,5.656854249492381,15.556349186104049,4.316850863362831,400.0,71.91675412230855,5.050331281756829,4.860761365999912,0.8241768901866269,0.3197999551480623,2.9041252969350904,3.5446544370503976,0.608327166943049,0.370031351752944,13.431876464016083,0.0742524781809632,0.205597589719104,2905.8501919048367,13076.325863571765
150.0,70.0,2.0,1.4,12.6,1.71,8.0,7.0,0.4183300132670378,0.4183300132670378,0.4,0.8,0.15,4.6000000000000005,0.175,0.4,3.9,0.18,0.58,0.2,0.2,0.05,35.0,5.656854249492381,15.556349186104049,4.271162994739114,400.0,70.26316698488958,5.134548504700932,4.576303914515483,0.7913680652324869,0.2700352353734441,3.32681042014903,3.448939725067367,0.6243053065619463,0.3727829115662157,13.410545578465976,0.0689310454355165,0.1972583643836765,2912.449382467669,13135.146714929188
145.0,70.0,2.0,1.4,12.6,1.7,8.0,7.0,0.4301162633521314,0.4301162633521314,0.7000000000000001,0.9,0.14,4.6000000000000005,0.175,0.3,3.9,0.17,0.58,0.2,0.2,0.05,37.0,5.656854249492381,15.556349186104049,4.355326507477001,400.0,71.28143012703381,5.022877616192514,4.383218473752204,0.8092838697287268,0.3186743184136321,3.0477209484021133,3.620701659691115,0.6843033982699919,0.4206206076129778,13.28452327587076,0.0752665663973506,0.2096049973424268,2922.081624983496,13149.367312425731
140.0,70.0,2.0,1.4,12.6,1.71,8.0,7.0,0.4358898943540674,0.4358898943540674,0.4,0.9,0.13,4.800000000000001,0.175,0.3,3.9,0.16,0.58,0.2,0.2,0.05,38.0,5.656854249492381,15.556349186104049,4.497136259883065,400.0,71.49917701026953,4.911217819478631,4.142607431449317,0.7814981348827464,0.3042418473212259,3.2141609669148328,3.631833979517437,0.7517828001665247,0.4564717765591102,13.282596936811196,0.0748780834575653,0.2089099356877384,2919.4355203498567,13166.654196777854
145.0,70.0,2.0,1.4,12.6,1.7,8.0,7.0,0.4183300132670378,0.4183300132670378,0.8,1.1,0.15,4.6000000000000005,0.175,0.4,3.9,0.18,0.58,0.2,0.2,0.05,35.0,5.656854249492381,15.556349186104049,4.301443860434145,400.0,72.1743470788448,4.897197908848754,4.48546839869519,0.8846670781793531,0.3769265066055051,2.9041252969350904,3.378030030567952,0.6661777397212882,0.4189598448689741,13.114354895573353,0.0739713096996307,0.2079826085323537,2927.3293824676693,13172.982221104512
145.0,70.0,2.0,1.4,12.6,1.7,8.0,7.0,0.4183300132670378,0.4183300132670378,0.8,1.1,0.15,4.6000000000000005,0.175,0.4,3.9,0.18,0.58,0.4,0.2,0.05,35.0,5.656854249492381,15.556349186104049,4.301443860434145,400.0,72.1743470788448,4.903025556416939,4.48546839869519,0.8881588584994403,0.3719715688227585,2.9041252969350904,3.378030030567952,0.6661777397212882,0.4189598448689741,13.112891738110694,0.0779339145040521,0.2079826085323537,2957.089382467669,13306.90222110451
145.0,70.0,2.0,1.4,13.1,1.7,8.0,7.0,0.4358898943540674,0.4358898943540674,0.2,0.9,0.13,5.1000000000000005,0.175,0.2,3.9,0.16,0.56,0.3,0.2,0.05,38.0,5.656854249492381,15.556349186104049,4.340307826784949,400.0,71.52808383941434,4.845482003900463,4.163942220219071,0.7351552409746073,0.29200387321393,3.3306187650268293,3.495751062593079,0.678889491944758,0.4053181856924502,13.101678839664729,0.07851410951023,0.2138633607316109,3013.194969821627,13559.377364197322
145.0,70.0,2.0,1.4,13.1,1.7,8.0,7.0,0.4358898943540674,0.4358898943540674,0.2,0.9,0.13,5.1000000000000005,0.175,0.7000000000000001,3.9,0.16,0.56,0.2,0.2,0.05,38.0,5.656854249492381,15.556349186104049,4.3233424445976505,400.0,71.80876974274294,4.80004551601689,4.207999428251558,0.7418738988213746,0.2918346905449627,3.173694171388078,3.304010432119487,0.6373112401824901,0.3882719585752608,12.744995819883211,0.0733337247892333,0.2072186813922146,3017.014969821627,13576.56736419732
145.0,70.0,2.0,1.4,13.1,1.7,8.0,7.0,0.4358898943540674,0.4358898943540674,0.2,0.9,0.13,5.1000000000000005,0.175,0.7000000000000001,3.9,0.16,0.56,0.3,0.2,0.05,38.0,5.656854249492381,15.556349186104049,4.3233424445976505,400.0,71.80876974274294,4.80004551601689,4.207999428251558,0.7352125214644257,0.2879983386059072,3.173694171388078,3.304010432119487,0.6373112401824901,0.3882719585752608,12.734498090587206,0.0745178507350411,0.2072186813922146,3032.2949698216275,13645.327364197325
145.0,70.0,2.0,1.4,13.1,1.7,8.0,7.0,0.4358898943540674,0.4358898943540674,0.2,0.9,0.13,5.2,0.175,0.7000000000000001,3.9,0.16,0.56,0.3,0.2,0.05,38.0,5.656854249492381,15.556349186104049,4.3233424445976505,400.0,71.80876974274294,4.746430430656069,4.182858929445381,0.7352125214644257,0.2870771353385182,3.1553442149015307,3.304010432119487,0.6369407156530766,0.384300513117695,12.685744462040116,0.0743903140045874,0.2003992771257823,3036.114969821628,13662.517364197323
145.0,70.0,2.0,1.4,13.1,1.74,8.0,7.0,0.4358898943540674,0.4358898943540674,1.3,0.9,0.12,5.1000000000000005,0.175,0.2,4.0,0.16,0.58,0.2,0.2,0.05,38.0,5.656854249492381,15.556349186104049,4.310532169801919,400.0,72.02217496439803,5.092972579511836,4.126989657692376,0.7795695757850228,0.2722439115027635,2.8878386626684747,3.3770838643331453,0.6524459525521512,0.3907035329450852,12.486875157479018,0.0768248489015198,0.2133785909677581,3039.934969821627,13801.304762990188
145.0,70.0,2.0,1.4,13.2,1.7,8.0,7.0,0.4358898943540674,0.4358898943540674,1.6,0.9,0.14,5.1000000000000005,0.175,1.2000000000000002,4.1000000000000005,0.16,0.58,0.2,0.2,0.05,38.0,5.656854249492381,15.556349186104049,4.286753439512896,400.0,72.4216837995742,5.093701785143346,4.210268727374904,0.7580498432621835,0.2441862854498371,2.8878386626684747,3.3770838643331453,0.61227961620893,0.361383357983076,12.451090357280552,0.0714149722640538,0.2044084121327618,3105.7708597159813,13975.968868721917
145.0,70.0,2.0,1.4,13.2,1.7,8.0,7.0,0.4358898943540674,0.4358898943540674,1.6,0.9,0.14,5.2,0.175,1.2000000000000002,4.1000000000000005,0.16,0.58,0.2,0.2,0.05,38.0,5.656854249492381,15.556349186104049,4.286753439512896,400.0,72.4216837995742,5.03659234803062,4.185114670745618,0.7580498432621835,0.2434052212079497,2.8711414918201106,3.3770838643331453,0.6110211086916186,0.3576869429734312,12.403503143034058,0.0712927460863237,0.2003544200183821,3109.6108597159814,13993.248868721916
145.0,70.0,2.0,1.4,13.2,1.7,8.0,7.0,0.4358898943540674,0.4358898943540674,0.5,0.9,0.15,5.2,0.175,2.4000000000000004,4.1000000000000005,0.16,0.58,0.2,0.2,0.05,38.0,5.656854249492381,15.556349186104049,4.318475990527344,400.0,71.8896904380449,4.917996416877167,4.20971659462795,0.7141774235833215,0.2217287261094677,2.8711414918201106,3.3746973271202805,0.589676089804049,0.3367481131563238,12.317885766221504,0.0676702097973623,0.2019633246340563,3113.4508597159816,14010.528868721916
145.0,70.0,2.0,1.4,13.2,1.7,8.0,7.0,0.4358898943540674,0.4358898943540674,0.5,0.9,0.14,5.2,0.175,2.5,4.1000000000000005,0.16,0.58,0.2,0.2,0.05,38.0,5.656854249492381,15.556349186104049,4.318475990527344,400.0,71.8896904380449,4.917996416877167,4.20971659462795,0.7120432012381549,0.2217287261094677,2.8711414918201106,3.3746973271202805,0.589676089804049,0.3377082507752299,12.31671168149524,0.0679904053018281,0.2001948150302974,3117.2908597159817,14027.808868721915
145.0,70.0,2.0,1.4,13.2,1.73,8.0,7.0,0.4358898943540674,0.4358898943540674,0.4,0.9,0.14,5.2,0.175,2.7,4.1000000000000005,0.16,0.58,0.4,0.2,0.05,38.0,5.656854249492381,15.556349186104049,4.3111466958434965,400.0,72.01190866978797,4.809678719807152,4.235225007546536,0.6958905945421501,0.2171130472544756,2.8711414918201106,3.3746973271202805,0.5645199565240511,0.3292513204342506,12.287838745241856,0.0724627499270179,0.198306163953253,3151.8508597159816,14277.884394513398
145.0,70.0,2.0,1.5,13.3,1.67,8.0,7.0,0.4358898943540674,0.4358898943540674,0.4,0.9,0.11,5.2,0.175,1.3,4.1000000000000005,0.16,0.58,0.2,0.2,0.05,38.0,5.656854249492381,15.556349186104049,4.2917729563009335,400.0,72.33698177517745,4.912270017713724,4.138744645619733,0.7450885694958285,0.2446181033686491,2.771265146125205,3.385939790808282,0.6078177043025362,0.3624534989478069,12.25592745866804,0.0747550430052848,0.1943447950404258,3083.346749610336,14399.229320680266
145.0,70.0,2.0,1.5,13.3,1.67,8.0,7.0,0.4358898943540674,0.4358898943540674,0.4,0.9,0.12,5.2,0.175,1.2000000000000002,4.1000000000000005,0.16,0.58,0.3,0.2,0.05,38.0,5.656854249492381,15.556349186104049,4.2917729563009335,400.0,72.33698177517745,4.912270017713724,4.138744645619733,0.7383983272138904,0.2423307907964623,2.771265146125205,3.385939790808282,0.6078177043025362,0.356687871914679,12.241184276780787,0.0752122898848718,0.1935002609523421,3094.926749610336,14453.307920680269
145.0,70.0,2.0,1.5,13.3,1.67,8.0,7.0,0.4358898943540674,0.4358898943540674,0.4,0.9,0.12,5.2,0.175,1.4,4.1000000000000005,0.16,0.58,0.3,0.2,0.05,38.0,5.656854249492381,15.556349186104049,4.289384717895814,400.0,72.37725747189104,4.872820292769795,4.138744645619733,0.7383983272138904,0.2402358427731893,2.771265146125205,3.38147947032656,0.6078177043025362,0.356687871914679,12.234629008275792,0.0751684240626692,0.1964690434525914,3102.646749610336,14489.360320680267
145.0,70.0,2.0,1.5,13.3,1.71,8.0,7.0,0.4358898943540674,0.4358898943540674,0.4,0.9,0.16,5.2,0.175,1.3,4.1000000000000005,0.16,0.58,0.3,0.2,0.05,38.0,5.656854249492381,15.556349186104049,4.297395119705429,400.0,72.24234529880059,4.950384764334974,4.136406618783368,0.7170185894361242,0.2385474613776336,2.771265146125205,3.385939790808282,0.6078177043025362,0.3556737733747508,12.2126690842079,0.0748288040713972,0.1974016171463385,3098.7867496103354,14595.28559066468
145.0,70.0,2.0,1.4,13.2,1.83,8.0,7.0,0.4358898943540674,0.4358898943540674,0.4,0.9,0.14,5.2,0.175,3.5,4.1000000000000005,0.16,0.58,0.4,0.2,0.05,38.0,5.656854249492381,15.556349186104049,4.289520552307823,400.0,72.37496553224612,4.798361935751691,4.231677868906925,0.6864637068725205,0.1973119413020469,2.8711414918201106,3.3746973271202805,0.5278970716028608,0.2924420603170258,12.18163146794177,0.0703728033974997,0.197625750903081,3182.570859715981,14735.303080484997
145.0,70.0,2.0,1.5,13.2,1.84,8.0,7.0,0.4358898943540674,0.4358898943540674,0.4,0.9,0.14,5.2,0.175,0.3,4.1000000000000005,0.19,0.58,0.4,0.2,0.05,38.0,5.656854249492381,15.556349186104049,4.310121258754916,400.0,72.02904129263923,4.91460018450971,4.09309897817696,0.7288113384682032,0.2497312911987523,2.771265146125205,3.385939790808282,0.5874597465804612,0.3470435708713371,12.1633498622292,0.0753539068576808,0.1917309239131367,3059.6908597159813,14808.903761025347
145.0,70.0,2.0,1.5,13.3,1.83,8.0,7.0,0.4358898943540674,0.4358898943540674,0.4,0.9,0.16,5.2,0.175,1.3,4.1000000000000005,0.2,0.58,0.3,0.2,0.05,38.0,5.656854249492381,15.556349186104049,4.297395119705429,400.0,72.24234529880059,4.934734190521695,4.129489169843447,0.71733525072545,0.2478583986668183,2.771265146125205,3.385939790808282,0.5548056247004096,0.3282760890952588,12.134969469964869,0.07118692563418,0.1897057959185392,3098.7867496103354,14967.14000061792
145.0,70.0,2.0,1.5,13.2,1.83,8.0,7.0,0.4358898943540674,0.4358898943540674,0.4,0.9,0.14,5.2,0.175,3.2,4.1000000000000005,0.16,0.58,0.4,0.2,0.05,38.0,5.656854249492381,15.556349186104049,4.265835220650594,400.0,72.77681533976175,4.798361935751691,4.234873219640659,0.6943095923998267,0.2000347528671392,2.771265146125205,3.392668478554393,0.5306306994628739,0.2963449519907201,12.120126841040817,0.0735195905709987,0.1953196543230356,3171.050859715982,15316.175652428194
145.0,70.0,2.0,1.5,13.2,1.83,8.0,7.0,0.4358898943540674,0.4358898943540674,0.4,0.9,0.14,5.2,0.175,3.3000000000000003,4.1000000000000005,0.16,0.58,0.4,0.2,0.05,38.0,5.656854249492381,15.556349186104049,4.265835220650594,400.0,72.77681533976175,4.798361935751691,4.234873219640659,0.6902155742740383,0.1998104584477533,2.771265146125205,3.392668478554393,0.5278970716028608,0.2940999215566924,12.110829870201602,0.0731713782350618,0.1951879115066816,3174.8908597159816,15334.72285242819
145.0,70.0,2.0,1.5,13.2,1.83,8.0,7.0,0.4358898943540674,0.4358898943540674,0.4,0.9,0.14,5.2,0.175,3.5,4.1000000000000005,0.16,0.58,0.4,0.2,0.05,38.0,5.656854249492381,15.556349186104049,4.26029760660136,400.0,72.87141199762421,4.798361935751691,4.231677868906925,0.6901990918583637,0.198493263718787,2.771265146125205,3.392668478554393,0.5278970716028608,0.2924420603170258,12.10464298108356,0.073842601289945,0.1974861267899739,3182.570859715981,15371.81725242819
145.0,70.0,2.0,1.5,13.3,1.83,8.0,7.0,0.4358898943540674,0.4358898943540674,0.4,0.9,0.14,5.2,0.175,3.5,4.1000000000000005,0.17,0.58,0.4,0.2,0.05,38.0,5.656854249492381,15.556349186104049,4.26029760660136,400.0,72.87141199762421,4.826285515544804,4.231677868906925,0.6915431655743773,0.1985371408855201,2.771265146125205,3.392668478554393,0.5069342122091747,0.2924420603170258,12.08506807257262,0.0734028030261319,0.1974861267899739,3199.1467496103355,15451.87880061792
145.0,70.0,2.0,1.5,13.2,1.94,8.0,7.0,0.4358898943540674,0.4358898943540674,0.4,0.9,0.14,5.2,0.175,3.5,4.1000000000000005,0.16,0.58,0.4,0.2,0.05,38.0,5.656854249492381,15.556349186104049,4.26029760660136,400.0,72.87141199762421,4.798361935751691,4.215843309667511,0.6901990918583637,0.198493263718787,2.771265146125205,3.392668478554393,0.5246843177546181,0.2868760937974789,12.080029701476356,0.0732653029470817,0.1881792504513685,3182.570859715981,15721.900046996949
145.0,70.0,2.0,1.5,14.4,1.7,8.0,7.0,0.4358898943540674,0.4358898943540674,0.4,0.9,0.13,6.4,0.175,2.9000000000000004,4.1000000000000005,0.16,0.58,0.3,0.2,0.05,38.0,5.656854249492381,15.556349186104049,4.301873008495988,400.0,72.16714707989027,4.926396988178193,4.272480469941597,0.7244439053166929,0.2090239289600112,2.707188269278505,3.3285554306243137,0.5226698661437613,0.3117580654137397,12.07611993567862,0.0780414986956863,0.2108508946199914,3389.6415384482307,15931.315230706685
145.0,70.0,2.0,1.5,14.4,1.75,8.0,7.0,0.4358898943540674,0.4358898943540674,0.4,0.9,0.15,6.4,0.175,2.9000000000000004,4.1000000000000005,0.16,0.58,0.3,0.2,0.05,38.0,5.656854249492381,15.556349186104049,4.301873008495988,400.0,72.16714707989027,4.914805575500857,4.270066894122866,0.7266152965579236,0.2043883087347593,2.707188269278505,3.3285554306243137,0.5226698661437613,0.3108717067123637,12.070355772174493,0.0777939034087356,0.2118027955180754,3389.6415384482307,16100.797307629096
145.0,70.0,2.0,1.5,14.4,1.83,8.0,7.0,0.4358898943540674,0.4358898943540674,0.4,0.9,0.13,6.4,0.175,2.2,4.1000000000000005,0.16,0.58,0.2,0.2,0.05,38.0,5.656854249492381,15.556349186104049,4.315421347045113,400.0,71.94057709700036,4.947428669349985,4.221096307488187,0.7365024741686823,0.2172191655981547,2.707188269278505,3.317577866993952,0.5272525106809196,0.3073355132656796,12.03417210747408,0.0736236807569528,0.2047694762311995,3344.76153844823,16155.198230704951
145.0,70.0,2.0,1.5,14.4,1.83,8.0,7.0,0.4358898943540674,0.4358898943540674,0.4,0.9,0.14,6.4,0.175,2.9000000000000004,4.1000000000000005,0.16,0.58,0.2,0.2,0.05,38.0,5.656854249492381,15.556349186104049,4.301873008495988,400.0,72.16714707989027,4.914805575500857,4.270066894122866,0.731007713856901,0.2071109129286947,2.707188269278505,3.3285554306243137,0.4924995923130332,0.2868310464529466,12.02325985957726,0.0736958412095397,0.2081403069885911,3373.32153844823,16293.143030704952
145.0,70.0,2.0,1.5,14.4,1.83,8.0,7.0,0.4358898943540674,0.4358898943540674,0.4,0.9,0.13,6.4,0.175,2.9000000000000004,4.1000000000000005,0.16,0.58,0.3,0.2,0.05,38.0,5.656854249492381,15.556349186104049,4.301873008495988,400.0,72.16714707989027,4.914805575500857,4.272480469941597,0.7244439053166929,0.2067277494039664,2.707188269278505,3.3285554306243137,0.4924995923130332,0.2868310464529466,12.018726463331054,0.0747703626316198,0.2072068399702572,3389.6415384482307,16371.968630704954
145.0,70.0,2.0,1.5,14.4,1.83,8.0,7.0,0.4358898943540674,0.4358898943540674,0.4,0.9,0.14,6.4,0.175,2.9000000000000004,4.1000000000000005,0.16,0.58,0.4,0.2,0.05,38.0,5.656854249492381,15.556349186104049,4.294571892305713,400.0,72.28983701014734,4.920654176127844,4.270066894122866,0.7244439053166929,0.2043883087347593,2.707188269278505,3.3285554306243137,0.4924995923130332,0.2868310464529466,12.013973446843115,0.0776436893094123,0.2081403069885911,3405.96153844823,16450.794230704952
150.0,139.0,2.0,1.6,10.4,1.37,10.0,3.0,0.5331041174104736,0.5331041174104736,4.0,1.2000000000000002,0.05,4.2,0.07,0.1,1.5,0.05,0.21,0.2,0.2,0.07,29.0,5.656854249492381,15.556349186104049,4.169149619022733,400.0,71.9824103576742,1.3722070919864595,2.082072367863565,1.7829365227190812,0.2998455659364297,5.343063310628732,1.459651822583667,0.5151858742621984,0.3548732221119919,11.837628686105663,0.0811530681135198,0.1550324441861933,5246.640116429421,23977.14533208245
150.0,139.0,2.0,1.6,10.4,1.37,10.0,3.0,0.5331041174104736,0.5331041174104736,4.1000000000000005,1.2000000000000002,0.05,4.2,0.07,0.1,1.5,0.05,0.21,0.2,0.2,0.07,29.0,5.656854249492381,15.556349186104049,4.169149619022733,400.0,71.9824103576742,1.3722070919864595,2.082072367863565,1.7635073511788055,0.2998455659364297,5.343063310628732,1.459651822583667,0.5151858742621984,0.3548732221119919,11.818199514565393,0.0830732213048581,0.1563568103369432,5250.120116429422,23993.04893208246
150.0,139.0,2.0,1.6,10.5,1.4,10.0,3.0,0.5422176684690384,0.5422176684690384,4.1000000000000005,1.2000000000000002,0.05,4.2,0.07,0.1,1.5,0.05,0.21,0.2,0.2,0.07,30.0,5.656854249492381,15.556349186104049,4.169149619022733,400.0,71.9824103576742,1.3741962592378552,2.046120531590708,1.7642627861248923,0.2999624881039003,5.343063310628732,1.435760352545475,0.5151858742621984,0.3608205697391571,11.765175912995064,0.0827677697553342,0.1563920340004539,5281.888091982081,24296.685223117576
150.0,139.0,2.0,1.6,10.5,1.4,10.0,3.0,0.5511805511808269,0.5511805511808269,4.1000000000000005,1.2000000000000002,0.05,4.2,0.07,0.1,1.5,0.05,0.21,0.2,0.2,0.07,31.0,5.656854249492381,15.556349186104049,4.169149619022733,400.0,71.9824103576742,1.3776930935928675,1.994326049083594,1.7642627861248923,0.3037252891338027,5.343063310628732,1.4270413811382736,0.5215726888346276,0.3730467417410349,11.72703824668496,0.0827677697553342,0.1563920340004539,5283.456596456645,24303.900343700567
150.0,139.0,2.0,1.6,11.1,1.33,10.0,3.0,0.5047771785649585,0.5047771785649585,4.2,1.2000000000000002,0.05,5.0,0.07,0.1,1.5,0.05,0.21,0.2,0.2,0.07,26.0,5.656854249492381,15.556349186104049,4.16653132125392,400.0,72.02764495928918,1.2091521083523986,2.2139479437580927,1.5156476827161034,0.247295251365779,5.27261247391802,1.4768141864732571,0.5016874238947178,0.3374669353319531,11.565471897457922,0.0822440848373158,0.1568701924827616,5488.784669320257,24864.194552020766
150.0,139.0,2.0,1.6,11.2,1.33,10.0,3.0,0.5047771785649585,0.5047771785649585,4.2,1.2000000000000002,0.05,5.1000000000000005,0.07,0.1,1.5,0.05,0.21,0.2,0.2,0.07,26.0,5.656854249492381,15.556349186104049,4.16653132125392,400.0,72.02764495928918,1.187183056236297,2.213598248501947,1.4799999216418132,0.2475208296154146,5.27261247391802,1.4583514308188483,0.4830913557418139,0.3304215049905151,11.485595765228371,0.0814762081242624,0.1568701924827616,5522.749446498822,25018.054992639667
150.0,139.0,2.0,1.6,11.3,1.31,10.0,3.0,0.5047771785649585,0.5047771785649585,4.0,1.2000000000000002,0.05,5.2,0.07,0.1,1.5,0.05,0.21,0.2,0.2,0.07,26.0,5.656854249492381,15.556349186104049,4.16653132125392,400.0,72.02764495928918,1.1865159612867242,2.213598248501947,1.5180219079547297,0.2496657658692903,5.242126798789313,1.4491301020280734,0.4804753493457837,0.3270388031873272,11.480056975676463,0.0796909364383898,0.1479285608190608,5549.434223677387,25027.948348785016
150.0,139.0,2.0,1.7000000000000002,11.2,1.28,10.0,3.0,0.4315089802078284,0.4315089802078284,0.1,1.2000000000000002,0.05,5.2,0.105,0.1,1.6,0.05,0.21,0.2,0.2,0.07,19.0,5.656854249492381,15.556349186104049,4.169803390646013,400.0,71.97112444012406,1.229941115001654,2.6884039291774178,1.2440540345257012,0.1759877972414677,5.102891512091476,1.681262047141914,0.3326481882904661,0.2156559483052533,11.440903456773697,0.0764977619041726,0.14647842630093,5363.814634397825,25102.652488981825
150.0,139.0,2.0,1.7000000000000002,11.1,1.31,10.0,3.0,0.464327470649756,0.464327470649756,0.2,1.2000000000000002,0.05,5.1000000000000005,0.105,0.1,1.6,0.05,0.21,0.2,0.2,0.07,22.0,5.656854249492381,15.556349186104049,4.169803390646013,400.0,71.97112444012406,1.2107588037695036,2.4424056873058,1.2064060996667088,0.1785225349694058,5.132567462106761,1.616842282916153,0.3435694998741179,0.2216081173897122,11.141921684228658,0.0779863986204853,0.1530190609844472,5340.283272187606,25152.734212003623
150.0,139.0,2.0,1.7000000000000002,11.1,1.31,10.0,3.0,0.4747630988187688,0.4747630988187688,0.1,1.2000000000000002,0.05,5.1000000000000005,0.105,0.1,1.6,0.05,0.21,0.3,0.2,0.07,23.0,5.656854249492381,15.556349186104049,4.169803390646013,400.0,71.97112444012406,1.2019143265701344,2.404942136993106,1.232464862150843,0.1728761233789966,5.132567462106761,1.6156396255229082,0.3355413477563789,0.2265428479172808,11.120574405826275,0.0773119010362919,0.1544754336290845,5353.032120886196,25212.781289373987
150.0,139.0,2.0,1.7000000000000002,11.1,1.31,10.0,3.0,0.4747630988187688,0.4747630988187688,0.2,1.2000000000000002,0.05,5.1000000000000005,0.105,0.1,1.6,0.05,0.21,0.3,0.2,0.07,23.0,5.656854249492381,15.556349186104049,4.169803390646013,400.0,71.97112444012406,1.2019143265701344,2.404942136993106,1.1951676422885706,0.1772448161021667,5.132567462106761,1.6156396255229082,0.3435694998741179,0.2265428479172808,11.095674030804911,0.0772288858600875,0.1544754336290845,5356.652120886196,25229.831489373988
150.0,139.0,2.0,1.7000000000000002,11.2,1.32,10.0,3.0,0.4747630988187688,0.4747630988187688,0.1,1.2000000000000002,0.05,5.2,0.105,0.1,1.6,0.05,0.21,0.3,0.2,0.07,23.0,5.656854249492381,15.556349186104049,4.169803390646013,400.0,71.97112444012406,1.2012389539114172,2.404942136993106,1.232464862150843,0.1738903423187704,5.102891512091476,1.605423744851412,0.3337243450271221,0.2242236075271281,11.077560550959856,0.0773972710977664,0.1481629045119956,5386.246883985015,25423.08529240928
150.0,139.0,2.0,1.7000000000000002,11.2,1.32,10.0,3.0,0.4747630988187688,0.4747630988187688,0.1,1.2000000000000002,0.05,5.2,0.105,0.1,1.6,0.05,0.21,0.4,0.2,0.07,23.0,5.656854249492381,15.556349186104049,4.169803390646013,400.0,71.97112444012406,1.1847685712014084,2.404942136993106,1.2322080584838913,0.1626769623802059,5.102891512091476,1.605423744851412,0.3337243450271221,0.2242236075271281,11.066090367354342,0.0773972710977664,0.1481629045119956,5400.806883985016,25491.80849240928
150.0,139.0,2.0,1.7000000000000002,11.2,1.32,10.0,3.0,0.4747630988187688,0.4747630988187688,0.2,1.2000000000000002,0.05,5.2,0.105,0.1,1.6,0.05,0.21,0.4,0.2,0.07,23.0,5.656854249492381,15.556349186104049,4.169803390646013,400.0,71.97112444012406,1.1847685712014084,2.404942136993106,1.1949186100909093,0.166787915633246,5.102891512091476,1.605423744851412,0.3417090235926255,0.2242236075271281,11.040896550779904,0.0773141642537773,0.1481629045119956,5404.446883985015,25508.989292409275
150.0,139.0,2.0,1.7000000000000002,11.2,1.52,10.0,3.0,0.4747630988187688,0.4747630988187688,0.1,1.2000000000000002,0.05,5.2,0.105,0.1,1.6,0.12,0.21,0.3,0.2,0.07,23.0,5.656854249492381,15.556349186104049,4.170231930691037,400.0,71.96372856636435,1.2663846661372828,2.3249569271024475,1.2735894443586366,0.1775229458552155,5.102891512091476,1.605423744851412,0.3295046628719047,0.2242236075271281,11.03811284465822,0.0778316390598786,0.1539530218477513,5386.246883985015,26500.33466920628
150.0,139.0,2.0,1.7000000000000002,11.2,1.52,10.0,3.0,0.4747630988187688,0.4747630988187688,0.1,1.2000000000000002,0.05,5.2,0.105,0.1,1.6,0.12,0.21,0.4,0.2,0.07,23.0,5.656854249492381,15.556349186104049,4.170231930691037,400.0,71.96372856636435,1.2490210599692912,2.3249569271024475,1.2733240717305427,0.1660753161988279,5.102891512091476,1.605423744851412,0.3295046628719047,0.2242236075271281,11.02639984237374,0.0778316390598786,0.1539530218477513,5400.806883985016,26571.96986920628
150.0,139.0,2.0,1.8,11.3,1.32,10.0,3.0,0.4747630988187688,0.4747630988187688,0.1,1.2000000000000002,0.05,5.2,0.105,0.1,1.6,0.05,0.21,0.4,0.2,0.07,23.0,5.656854249492381,15.556349186104049,4.140543986390728,400.0,72.47971273954134,1.1847685712014084,2.4087762961417347,1.2339460501280188,0.1626769623802059,5.045635533404883,1.614985512145272,0.3321166621207952,0.2242236075271281,11.022360623848035,0.0778686566384527,0.1473574063781478,5430.481647083833,26717.96970365246
150.0,139.0,2.0,1.8,11.3,1.32,10.0,3.0,0.4747630988187688,0.4747630988187688,4.1000000000000005,1.2000000000000002,0.05,5.2,0.105,0.1,1.6,0.05,0.21,0.4,0.2,0.07,23.0,5.656854249492381,15.556349186104049,4.152965111557003,400.0,72.2629327859973,1.1817855319792676,2.402123853708993,1.1938075102153665,0.1549569464045664,5.045635533404883,1.614985512145272,0.3794702122933308,0.2273033321515558,11.018282900323966,0.0835722762219418,0.1483515917357593,5576.881647083834,27438.25770365246
150.0,139.0,2.0,1.8,11.3,1.32,10.0,3.0,0.4747630988187688,0.4747630988187688,4.3,1.2000000000000002,0.05,5.2,0.105,0.1,1.6,0.05,0.21,0.4,0.2,0.07,23.0,5.656854249492381,15.556349186104049,4.132503348055368,400.0,72.62073698264663,1.1817855319792676,2.402123853708993,1.185585382277054,0.1549569464045664,5.045635533404883,1.614985512145272,0.3794702122933308,0.2273033321515558,11.010060772385655,0.0838661328434698,0.1506285260208905,5584.201647083834,27474.272103652464
150.0,139.0,2.0,1.6,12.8,1.4,10.0,3.0,0.5511805511808269,0.5511805511808269,3.6,1.2000000000000002,0.05,5.1000000000000005,0.07,0.1,2.9000000000000004,0.05,0.21,0.2,0.2,0.07,31.0,5.656854249492381,15.556349186104049,4.160621586875807,400.0,72.12995280937896,1.7644473558927023,2.017572934154871,1.4306266299866095,0.2208380473781042,5.445570573786543,1.5593333856761389,0.1832963147694203,0.1279256360853665,10.985163521837054,0.0751489512024372,0.1491599222120055,5993.693749133804,27570.991246015503
150.0,139.0,2.0,1.6,12.8,1.4,10.0,3.0,0.5511805511808269,0.5511805511808269,3.8,1.2000000000000002,0.05,5.1000000000000005,0.07,0.1,2.9000000000000004,0.05,0.21,0.2,0.2,0.07,31.0,5.656854249492381,15.556349186104049,4.160621586875807,400.0,72.12995280937896,1.7661272877144796,2.017572934154871,1.4108539213208016,0.2151001252215744,5.445570573786543,1.5593333856761389,0.1912368064882513,0.1292288202289874,10.968896566877168,0.0744624226638372,0.1513963193527044,6001.613749133805,27607.423246015507
150.0,139.0,2.0,1.6,12.8,1.46,10.0,3.0,0.5511805511808269,0.5511805511808269,4.1000000000000005,1.2000000000000002,0.05,5.1000000000000005,0.07,0.1,2.9000000000000004,0.05,0.21,0.2,0.2,0.07,31.0,5.656854249492381,15.556349186104049,4.160621586875807,400.0,72.12995280937896,1.7661272877144796,2.0194462959743977,1.3732890825217017,0.2150368491976967,5.445570573786543,1.5593333856761389,0.1915911763992802,0.1310037857833919,10.93527114933915,0.0762242692808097,0.1533666053696786,6013.493749133804,28022.880870963527
150.0,139.0,2.0,1.6,12.8,1.47,10.0,3.0,0.5511805511808269,0.5511805511808269,4.2,1.2000000000000002,0.05,5.1000000000000005,0.07,0.1,2.9000000000000004,0.05,0.21,0.2,0.2,0.07,31.0,5.656854249492381,15.556349186104049,4.160621586875807,400.0,72.12995280937896,1.7661272877144796,2.0194462959743977,1.369705095233588,0.2150368491976967,5.445570573786543,1.5593333856761389,0.1915911763992802,0.1310037857833919,10.931687162051036,0.076214628459609,0.1540215946415034,6017.453749133804,28101.509008454865
150.0,139.0,2.0,1.6,12.8,1.47,10.0,3.0,0.5511805511808269,0.5511805511808269,4.1000000000000005,1.2000000000000002,0.05,5.1000000000000005,0.07,0.1,2.9000000000000004,0.05,0.21,0.5,0.2,0.07,31.0,5.656854249492381,15.556349186104049,4.160621586875807,400.0,72.12995280937896,1.7406010286843536,2.0194462959743977,1.3711750700173482,0.2011701222783529,5.445570573786543,1.5593333856761389,0.1915911763992802,0.1310037857833919,10.919290409915453,0.0762242692808097,0.1546495879192216,6061.013749133804,28304.934208454863
150.0,139.0,2.0,1.6,12.6,1.57,10.0,3.0,0.5511805511808269,0.5511805511808269,4.2,1.2000000000000002,0.05,5.1000000000000005,0.07,0.1,2.7,0.05,0.21,0.2,0.2,0.07,31.0,5.656854249492381,15.556349186104049,4.160621586875807,400.0,72.12995280937896,1.5964525184283505,1.9871644357103169,1.2921305097930742,0.2240577255399278,5.445570573786543,1.555628268621502,0.2275868870617553,0.1582066142946066,10.890345014807728,0.0761508044838496,0.1537436506937216,5956.671388031443,28413.322520909984
150.0,139.0,2.0,1.6,12.8,1.57,10.0,3.0,0.5511805511808269,0.5511805511808269,3.7,1.2000000000000002,0.05,5.1000000000000005,0.07,0.1,2.9000000000000004,0.05,0.21,0.2,0.2,0.07,31.0,5.656854249492381,15.556349186104049,4.160621586875807,400.0,72.12995280937896,1.6962195822720314,2.017572934154871,1.318433556969809,0.2166407804086636,5.445570573786543,1.5593333856761389,0.1864457632256382,0.1292288202289874,10.87322581445065,0.0750860196506233,0.1493117521295827,5997.653749133804,28608.808383368247
150.0,139.0,2.0,1.6,12.8,1.57,10.0,3.0,0.5511805511808269,0.5511805511808269,4.1000000000000005,1.2000000000000002,0.05,5.1000000000000005,0.07,0.1,2.9000000000000004,0.05,0.21,0.2,0.2,0.07,31.0,5.656854249492381,15.556349186104049,4.160621586875807,400.0,72.12995280937896,1.6962195822720314,2.0194462959743977,1.283329466258186,0.2150368491976967,5.445570573786543,1.5593333856761389,0.1915911763992802,0.1310037857833919,10.845311533075634,0.0761604372315932,0.1533666053696786,6013.493749133804,28684.36518336825
145.0,139.0,2.0,1.7000000000000002,12.6,1.56,10.0,3.0,0.5143928459844674,0.5143928459844674,0.1,1.2000000000000002,0.05,5.1000000000000005,0.105,0.1,2.9000000000000004,0.05,0.21,0.2,0.2,0.07,27.0,5.656854249492381,15.556349186104049,4.313789940233216,400.0,71.96778388016641,1.7639709772994547,2.2375730724778933,1.183555411352852,0.1476629648283422,5.300250743044135,1.7000288756210025,0.1453684011847018,0.1043130014078426,10.81875246991677,0.0781498494876914,0.1687898075025977,5788.740997812956,28712.155349152268
150.0,139.0,2.0,1.6,12.9,1.57,10.0,3.0,0.5422176684690384,0.5422176684690384,4.0,1.2000000000000002,0.05,5.1000000000000005,0.07,0.2,3.0,0.12,0.21,0.2,0.2,0.07,30.0,5.656854249492381,15.556349186104049,4.161049183286268,400.0,72.12254061414899,1.8151778874759767,1.976422231559452,1.2872089147953043,0.2226419302865055,5.445570573786543,1.5688606379224328,0.1864977894886425,0.1247920144055994,10.81199409224448,0.0753684805406434,0.1656658788044178,6042.081316025338,28820.727877440862
150.0,139.0,2.0,1.7000000000000002,12.7,1.57,10.0,3.0,0.5331041174104736,0.5331041174104736,0.1,1.2000000000000002,0.05,5.0,0.105,0.1,2.8000000000000003,0.05,0.21,0.2,0.2,0.07,29.0,5.656854249492381,15.556349186104049,4.169996942225442,400.0,71.96778388016641,1.6981127949801722,2.1006033544881366,1.1758013641782592,0.1525009516482461,5.300331016388538,1.6125447485566995,0.1709123695636357,0.1145744997681151,10.627268304591633,0.0723134819929121,0.1484229447022319,5818.021511129864,28915.56691031543
150.0,139.0,2.0,1.7000000000000002,12.7,1.57,10.0,3.0,0.5331041174104736,0.5331041174104736,0.1,1.2000000000000002,0.05,5.1000000000000005,0.105,0.1,2.8000000000000003,0.05,0.21,0.2,0.2,0.07,29.0,5.656854249492381,15.556349186104049,4.169996942225442,400.0,71.96778388016641,1.6721189863630257,2.127059062881152,1.118102547045563,0.1557089413231307,5.300331016388538,1.5923851239085238,0.1699678012492302,0.1121824827362025,10.57573697553234,0.0714818617398031,0.1484229447022319,5821.961511129864,28935.148710315425
150.0,139.0,2.0,1.7000000000000002,12.7,1.57,10.0,3.0,0.5686826883245173,0.5686826883245173,0.2,1.2000000000000002,0.05,5.0,0.105,0.1,2.7,0.05,0.21,0.3,0.2,0.07,33.0,5.656854249492381,15.556349186104049,4.169996942225442,400.0,71.96778388016641,1.5765422188486404,1.879784401092317,1.1207477127363317,0.1494410348015791,5.300331016388538,1.525271983302784,0.1853553961603309,0.1306854785958321,10.291617023077714,0.0718597823553823,0.1473757830751287,5844.730489599929,29048.31053331165
150.0,139.0,2.0,1.7000000000000002,12.7,1.57,10.0,3.0,0.5686826883245173,0.5686826883245173,0.2,1.2000000000000002,0.05,4.9,0.105,0.1,2.7,0.05,0.21,0.4,0.2,0.07,33.0,5.656854249492381,15.556349186104049,4.169996942225442,400.0,71.96778388016641,1.578861212836957,1.879784401092317,1.1205141871152795,0.1401825151548346,5.300331016388538,1.525271983302784,0.1855173783797289,0.1306305267336346,10.282232008167115,0.0707287960787043,0.1479594251242495,5856.550489599929,29107.05593331165
150.0,139.0,2.0,1.7000000000000002,12.8,1.57,10.0,3.0,0.5686826883245173,0.5686826883245173,0.2,1.2000000000000002,0.05,5.0,0.105,0.1,2.7,0.05,0.21,0.5,0.2,0.07,33.0,5.656854249492381,15.556349186104049,4.169996942225442,400.0,71.96778388016641,1.5537560780476916,1.879784401092317,1.1111073631597534,0.1398042770650831,5.300331016388538,1.525271983302784,0.1853553961603309,0.1306854785958321,10.272339915764638,0.0718597823553823,0.1491672556231653,5906.079172288253,29353.213486272623
150.0,139.0,2.0,1.7000000000000002,12.8,1.57,10.0,3.0,0.5686826883245173,0.5686826883245173,0.2,1.2000000000000002,0.05,5.1000000000000005,0.105,0.1,2.8000000000000003,0.05,0.21,0.5,0.2,0.07,33.0,5.656854249492381,15.556349186104049,4.169996942225442,400.0,71.96778388016641,1.6196522025164053,1.934381091348876,1.0531299868299415,0.141459016207496,5.300331016388538,1.507346885135144,0.1812865716296849,0.1181462913464377,10.236080858886115,0.0710333797435346,0.1491672556231653,5910.039172288253,29372.894686272622
