"Freq [MHz]","Ltx_uH []","Lrx_uH []","M_uH []","k_ratio []","Qtx_ratio []","Qrx_ratio []","FOM_ratio []","re_Z11_ohm []","im_Z11_ohm []","re_Z22_ohm []","im_Z22_ohm []","re_Z12_ohm []","im_Z12_ohm []","M_over_Ltx_ratio []","M_over_Lrx_ratio []","eta_fom_max_ratio []","Volume(tx_mull_ferrite_sheet) [m3]","Volume(tx_ssw_coil_ssw_copper) [m3]","Volume(rx_ssw_coil_ssw_copper) [m3]","Volume(Region_Abs_2000mm) [m3]"
0.1,5.11908383800667,4.43827304210283,0.115657107388989,0.0242643798971337,38.8642956307406,38.6372834373441,0.940259844920253,0.0827601577107782,3.2164152357184,0.0721750844947827,2.78864919673918,6.97918431670394E-05,0.0726695037817389,0.0225933215881897,0.0260590338385742,0.157050389030759,4.98389995200037E-06,2.13416169604046E-06,2.35848439957533E-06,77.3624647042687
1.34875,5.13656611755654,4.45561999586037,0.116547121440941,0.0243618933701698,539.770583265819,530.682805672167,13.0386657583907,0.0806445450687291,43.5295531289545,0.0711515644816344,37.7589118670779,6.39447615733736E-05,0.987672308441634,0.0226896955619024,0.0261573297429365,0.857923839794341,4.98389995200037E-06,2.13416169604046E-06,2.35848439957533E-06,77.3624647042687
2.5975,5.19517138358179,4.51524384790259,0.119257610643269,0.0246232604929423,1052.89285879503,1071.07289186492,26.1485230448156,0.080528780725451,84.7881781532985,0.0688014524167594,73.6913706045253,-5.09916938565974E-05,1.94635263993674,0.0229554718868673,0.0264122192865987,0.926382999153504,4.98389995200037E-06,2.13416169604046E-06,2.35848439957533E-06,77.3624647042687
3.84625,5.29381015507736,4.61616524987429,0.123916508864298,0.0250671127464636,1297.48772389988,1306.62590668595,32.6386040331975,0.098601264115228,127.933929750518,0.08537829155304,111.557487611788,0.000584327959034063,2.99465327912631,0.0234078112426166,0.0268440365880906,0.940571558484173,4.98389995200037E-06,2.13416169604046E-06,2.35848439957533E-06,77.3624647042687
5.095,5.4370649782381,4.76438178795167,0.130869267187075,0.025712963360727,1332.22541748282,1321.08153430969,34.1118913475646,0.130650436395906,174.055832171849,0.115451874978711,152.521340135806,0.00197734965254135,4.18949549014732,0.0240698368901017,0.0274682577953812,0.943063004007636,4.98389995200037E-06,2.13416169604046E-06,2.35848439957533E-06,77.3624647042687
6.34375,5.63236710285109,4.96922239529947,0.140714211233669,0.0265979562347389,1258.34767676401,1251.33568600692,33.3760938504826,0.17840878251464,224.500276991592,0.158285281048938,198.06802074617,0.00420961172001872,5.60872166564233,0.0249831391782754,0.0283171490506792,0.941845370731239,4.98389995200037E-06,2.13416169604046E-06,2.35848439957533E-06,77.3624647042687
7.5925,5.89079761898638,5.24508142060571,0.154409101399198,0.0277785598936489,1123.36028070653,1133.13672921923,31.3408245129914,0.250161059356662,281.020997860742,0.220818058083821,250.217052089642,0.00780382609697934,7.36609922128839,0.0262119175341431,0.0294388378400742,0.938189141024638,4.98389995200037E-06,2.13416169604046E-06,2.35848439957533E-06,77.3624647042687
8.84125,6.22883502845471,5.61430368267671,0.173507000949086,0.0293403735375639,946.183933995002,958.56852221271,27.9424836245679,0.365699863791357,346.019335783543,0.325361585976119,311.881374653912,0.0142461864110292,9.63852421005468,0.0278554497199665,0.0309044559674342,0.930940113134012,4.98389995200037E-06,2.13416169604046E-06,2.35848439957533E-06,77.3624647042687
10.09,6.67127742752769,6.11256027100469,0.200617673107957,0.0314161607908829,748.60761229217,736.517102502398,23.3276853333723,0.564970532881369,422.941241635756,0.526152154407798,387.520060239826,0.0271367686626708,12.7186267817677,0.0300718528478742,0.032820563595847,0.917861471685248,4.98389995200037E-06,2.13416169604046E-06,2.35848439957533E-06,77.3624647042687
11.33875,7.2559165139349,6.8000490179562,0.24036504834803,0.0342191452034757,614.811871891189,566.618479244332,20.1969432988278,0.840804602618451,516.936651630577,0.855000477900725,484.459070541286,0.0489616328208015,17.1244394865108,0.0331267659828241,0.0353475464240511,0.905756773804323,4.98389995200037E-06,2.13416169604046E-06,2.35848439957533E-06,77.3624647042687
12.5875,8.04868858887125,7.78457804382294,0.301793969717275,0.038126808840033,500.384401051741,423.275998042752,17.5466478213586,1.27215700543939,636.567521210568,1.45455714002236,615.679125153174,0.0922530938558885,23.8687628547156,0.0374960425397199,0.0387681860234863,0.892329095084374,4.98389995200037E-06,2.13416169604046E-06,2.35848439957533E-06,77.3624647042687
13.83625,9.16209001522327,9.28034548376883,0.404263914382843,0.0438415224956907,388.957019443,304.231956523405,15.0813024469117,2.047817309264,796.512916975108,2.65190268246866,806.793541597108,0.189605884317978,35.1449755610163,0.0441235475433158,0.0435613000711982,0.875887556942325,4.98389995200037E-06,2.13416169604046E-06,2.35848439957533E-06,77.3624647042687
15.085,10.8114623437313,11.7800208800964,0.596513063097951,0.0528572675583002,277.572166505648,206.064605581041,12.6413765329294,3.69176210613515,1024.73040602339,5.41835980581235,1116.53217628089,0.453227466752399,56.5386118836218,0.0551741331683794,0.050637691492196,0.853810440057702,4.98389995200037E-06,2.13416169604046E-06,2.35848439957533E-06,77.3624647042687
16.33375,13.4680482421816,16.7228557581494,1.03620443626815,0.0690458998057303,178.561502880995,125.275889743981,10.3267950506676,7.74074218994916,1382.19855885164,13.699626293122,1716.2328730309,1.39759192695095,106.343566100378,0.0769379807404302,0.0619633662607648,0.824177366896007,4.98389995200037E-06,2.13416169604046E-06,2.35848439957533E-06,77.3624647042687
17.5825,18.4264101266027,30.8667360299756,2.55309888594205,0.10705375755982,101.901962777036,58.73758979004,8.28230560116912,19.976466829977,2035.64117932502,58.0543919124282,3409.97505766243,7.39317659837818,282.051316094888,0.138556499524347,0.0827136009282827,0.78592354934338,4.98389995200037E-06,2.13416169604046E-06,2.35848439957533E-06,77.3624647042687
18.83125,36.2419207381703,373.959286407957,49.2891619063343,0.423383247066332,14.5272168579601,3.92924000245783,3.19874159356417,295.180595118899,4288.15251755396,11260.9435897862,44246.9500184091,1603.24750751721,5831.90513669898,1.36000413064263,0.131803551075783,0.540378846701045,4.98389995200037E-06,2.13416169604046E-06,2.35848439957533E-06,77.3624647042687
20.08,87.6638369166382,-32.495692308614,13.1841885834753,nan,14.1447379014644,-36.3829696650006,nan,781.932289543092,11060.227292279,112.686327792066,-4099.86324571905,-76.0114507399538,-1663.40109589511,0.150394838364335,-0.405721117071889,nan,4.98389995200037E-06,2.13416169604046E-06,2.35848439957533E-06,77.3624647042687
21.32875,-73.2770419536584,-16.0494751688669,4.88972494530626,0.142583754972669,-14.6544629957409,-69.2191428845796,4.5411736655904,670.105670457735,-9820.03875095904,31.0727642499028,-2150.83010843288,-53.2311609150824,655.284208590262,-0.0667292894874031,-0.304665722327884,0.646016070569189,4.98389995200037E-06,2.13416169604046E-06,2.35848439957533E-06,77.3624647042687
22.5775,-25.0033816734889,-9.96111890269849,1.02439278416878,0.0649102188450132,-37.6783028938784,-107.826624960204,4.1373450850284,94.1376031806166,-3546.945126343,13.1050243350159,-1413.07054406611,-5.1914616870865,145.318942882072,-0.0409701694573155,-0.102839128231997,0.619517263563791,4.98389995200037E-06,2.13416169604046E-06,2.35848439957533E-06,77.3624647042687
23.82625,-14.6917245057302,-7.1163955525581,0.417962329656967,0.040876218635273,-56.9592533249808,-135.100355910909,3.58575905449026,38.6139341118282,-2199.42085494974,7.88567999457081,-1065.35817386606,-1.55723266323695,62.5709435316711,-0.0284488270586581,-0.0587323071869893,0.576503471027579,4.98389995200037E-06,2.13416169604046E-06,2.35848439957533E-06,77.3624647042687
25.075,-10.2118927903905,-5.45281702208329,0.215147779490552,0.0288319012975471,-73.6899510554799,-157.420104021844,3.10532824917406,21.8332701615039,-1608.89260958229,5.4573466312968,-859.096074382004,-0.670712253437093,33.8967201767064,-0.021068354702373,-0.0394562624454898,0.530777571360308,4.98389995200037E-06,2.13416169604046E-06,2.35848439957533E-06,77.3624647042687
26.32375,-7.71375378475328,-4.36282495397715,0.12505594687608,0.0215569626061851,-88.5434050135488,-175.964428815337,2.69077956008759,14.4091107474465,-1275.83172879623,4.10081833249537,-721.59815555301,-0.346568904889141,20.6838783491535,-0.0162120739610928,-0.02866398450437,0.483283089238038,4.98389995200037E-06,2.13416169604046E-06,2.35848439957533E-06,77.3624647042687
27.5725,-6.12477712480432,-3.59524441309276,0.0782725938044229,0.016680166094086,-101.916055045068,-191.406508622651,2.32970013020846,10.4112697463468,-1061.07554055773,3.25407630342344,-622.851384029983,-0.199588461447651,13.5601888998593,-0.0127796640121699,-0.0217711467736042,0.434269466289846,4.98389995200037E-06,2.13416169604046E-06,2.35848439957533E-06,77.3624647042687
28.82125,-5.02787168547399,-3.02685919598806,0.0514247403675372,0.013182078861102,-114.054076216677,-204.235078438242,2.01189114584347,7.98299864082123,-910.493535417854,2.68382728165021,-548.131675382525,-0.123295085560476,9.31246789779008,-0.010227934120934,-0.0169894722673912,0.383991801468521,4.98389995200037E-06,2.13416169604046E-06,2.35848439957533E-06,77.3624647042687
30.07,-4.22704528954926,-2.59005901630974,0.0349064956481323,0.0105495265784992,-125.119009291329,-214.828954690012,1.72958148172786,6.38303021919492,-798.638417302283,2.27787632649051,-489.353790133081,-0.079829055690892,6.5950720960849,-0.00825789487858894,-0.0134771043548909,0.332857857258217,4.98389995200037E-06,2.13416169604046E-06,2.35848439957533E-06,77.3624647042687
31.31875,-3.61804952449124,-2.24464194198485,0.0242099108367514,0.0084953719762652,-135.222708753276,-223.489243416631,1.4768470773219,5.26513079546078,-711.965248102497,1.9763995064801,-441.704030392241,-0.0533209459262807,4.7640628075291,-0.00669142604955242,-0.0107856448656321,0.281494988590519,4.98389995200037E-06,2.13416169604046E-06,2.35848439957533E-06,77.3624647042687
32.5675,-3.1403308305744,-1.96520551812262,0.0170074707288123,0.00684617574062087,-144.446544886376,-230.458519307877,1.24910229389662,4.44869400862348,-642.598478802382,1.74493598052501,-402.135362358831,-0.0362933034339586,3.48019855494391,-0.00541582134061381,-0.00865429624127032,0.230792948065966,4.98389995200037E-06,2.13416169604046E-06,2.35848439957533E-06,77.3624647042687
33.81625,-2.75631655274871,-1.73491427388223,0.0120073163030733,0.00549088558769431,-152.852318850109,-235.934017491949,1.04273437729883,3.8314430575653,-585.644955891006,1.56240194564674,-368.623767973673,-0.0248993178938177,2.55123970418786,-0.00435629075009513,-0.00692098536730835,0.181919563832797,4.98389995200037E-06,2.13416169604046E-06,2.35848439957533E-06,77.3624647042687
35.065,-2.44146382845309,-1.54217250023523,0.00845052102132103,0.00435503712899173,-160.488687587343,-240.077304717477,0.854849433265155,3.35165709831087,-537.903048950713,1.41525780758409,-339.771279925155,-0.0170195115222091,1.86181788548992,-0.00346125177970597,-0.00547962113189804,0.13628789350123,4.98389995200037E-06,2.13416169604046E-06,2.35848439957533E-06,77.3624647042687
36.31375,-2.17906671175579,-1.37873577205844,0.00587033942972693,0.00338678344602497,-167.395081052274,-243.021589820394,0.68309515209334,2.97015286702515,-497.188979913319,1.29445558558474,-314.580654360693,-0.0114199619270233,1.33941198636325,-0.00269396957791939,-0.00425776972549464,0.095448482503085,4.98389995200037E-06,2.13416169604046E-06,2.35848439957533E-06,77.3624647042687
37.5625,-1.95736300406732,-1.23858406614734,0.00396867746591708,0.00254886816565062,-173.60417633699,-244.877343317719,0.525535139327552,2.66100422783892,-461.961447203224,1.19374410917121,-292.320886055023,-0.00734900593027054,0.936656093850859,-0.00202756333785319,-0.00320420516813347,0.0608937835728885,4.98389995200037E-06,2.13416169604046E-06,2.35848439957533E-06,77.3624647042687
38.81125,-1.76783428522511,-1.11722068978454,0.00254903466925574,0.00181378364394828,-179.143517162516,-245.736664531559,0.380558134166402,2.4064561611874,-431.101020612518,1.10868075615046,-272.443511046742,-0.00433103755518886,0.621603199280022,-0.00144189683985632,-0.00228158562812449,0.033799955843236,4.98389995200037E-06,2.13416169604046E-06,2.35848439957533E-06,77.3624647042687
40.06,-1.60416197613714,-1.01122043100366,0.00147835165028649,0.00116072870208736,-184.036613600648,-245.676704287665,0.2468111803902,2.19399077862705,-403.77463316957,1.03603081144932,-254.528635297345,-0.00205522866019328,0.372107620159067,-0.000921572554566091,-0.0014619479640252,0.01478203782134,4.98389995200037E-06,2.13416169604046E-06,2.35848439957533E-06,77.3624647042687
41.30875,-1.46156194412866,-0.917929363751769,0.000664422477100502,0.000573628963409365,-188.303718106411,-244.762368583039,0.12314955382439,2.01456021467574,-379.349178772691,0.973389231419508,-238.249053835462,-0.000312672070193677,0.172451206778277,-0.000454597548718067,-0.000723827457033151,0.00376297257019854,4.98389995200037E-06,2.13416169604046E-06,2.35848439957533E-06,77.3624647042687
42.5575,-1.3363466585437,-0.835260083240879,4.2057714335182E-05,3.98084471802391E-05,-191.962395896402,-243.048472264056,0.00859863998487835,1.86148245183447,-357.334631373252,0.918935031074968,-223.345755412694,0.00104054013325402,0.0112460922862198,-3.14721588640892E-05,-5.03528364147303E-05,1.84834691011827E-05,4.98389995200037E-06,2.13416169604046E-06,2.35848439957533E-06,77.3624647042687
43.80625,-1.22562902346514,-0.761548770549832,0.000435646798288805,0.000450926903858431,-195.02796260977,-240.581471639516,0.0976755078801285,1.72972912679427,-337.345547465462,0.871267451016566,-209.610805557175,0.00210575388530784,-0.119908638630972,-0.000355447521189673,-0.000572053708358391,0.0023738159488275,4.98389995200037E-06,2.13416169604046E-06,2.35848439957533E-06,77.3624647042687
45.055,-1.12711715445923,-0.695453357746266,0.00080296425446993,0.000906938165726851,-197.513835400599,-237.400875636403,0.196389198487,1.61545326977407,-319.074371223514,0.829294059108645,-196.875135792459,0.00295580187860107,-0.227310278790738,-0.000712405317666536,-0.00115459109590336,0.00946060070723761,4.98389995200037E-06,2.13416169604046E-06,2.35848439957533E-06,77.3624647042687
46.30375,-1.03896911632812,-0.635879642678986,0.00108528349961256,0.00133522489255901,-199.431827236807,-233.540413333597,0.28815932404849,1.51566842333072,-302.272523149976,0.792152705810061,-184.999670338209,0.00364403718185223,-0.315747000180631,-0.00104457724734699,-0.00170674358285825,0.0199393619189456,4.98389995200037E-06,2.13416169604046E-06,2.35848439957533E-06,77.3624647042687
47.5525,-0.959688140699187,-0.581926800068857,0.00130164274087654,0.00174177702367766,-200.792403861612,-229.029019338492,0.373517929590942,1.42802585827865,-286.736744860311,0.759156068017961,-173.86876978302,0.00421028325034674,-0.388906340155537,-0.00135631845979489,-0.00223678088158601,0.0326392267377319,4.98389995200037E-06,2.13416169604046E-06,2.35848439957533E-06,77.3624647042687
48.80125,-0.888045753667945,-0.532846600567594,0.00146647458699907,0.00213184571370444,-201.604916143798,-223.891686049363,0.452923978158446,1.35065688993636,-272.299069034663,0.729751585312268,-163.385312832759,0.0046848401359329,-0.449661138689652,-0.00165135026088691,-0.00275215152998436,0.0466151540835072,4.98389995200037E-06,2.13416169604046E-06,2.35848439957533E-06,77.3624647042687
50.05,-0.823024513857384,-0.48801247827728,0.00159082783599017,0.00251015958373755,-201.877815976662,-218.150222307826,0.526772944900581,1.28205932965132,-258.819337422513,0.703492087607015,-153.466955303267,0.00509123777866086,-0.500273077571554,-0.0019329045601986,-0.00325980975241844,0.0611478687311006,4.98389995200037E-06,2.13416169604046E-06,2.35848439957533E-06,77.3624647042687
51.29875,-0.763774765993191,-0.446895780150236,0.00168323573795136,0.00288110551356145,-201.618860634297,-211.823950510882,0.595404720257732,1.2210144420054,-246.179540615151,0.680013980595461,-144.043247772361,0.00544816516628746,-0.542539789432587,-0.00220383784971284,-0.00376650622519974,0.0757141669336082,4.98389995200037E-06,2.13416169604046E-06,2.35848439957533E-06,77.3624647042687
52.5475,-0.709581567081747,-0.409047324238157,0.00175034143751038,0.00324888870090898,-200.835308038809,-204.930368314316,0.65911019211771,1.16652536273837,-234.279480560644,0.659020861774359,-135.053387930237,0.00577084690684437,-0.577902670823551,-0.00246672337432453,-0.00427906829795392,0.0899474758704057,4.98389995200037E-06,2.13416169604046E-06,2.35848439957533E-06,77.3624647042687
53.79625,-0.659839100349389,-0.374082931146208,0.00179735411269385,0.00361768442355736,-199.534103400894,-197.48579613815,0.718136795543757,1.1177708633288,-223.033407021955,0.640271099059752,-126.444447742063,0.00607204186349178,-0.607526912495439,-0.0027239278662664,-0.0048046942617421,0.103599672142294,4.98389995200037E-06,2.13416169604046E-06,2.35848439957533E-06,77.3624647042687
55.045,-0.614030671820818,-0.341671962947347,0.00182838543829466,0.00399179334449162,-197.722055932544,-189.506027381599,0.77269325701736,1.07407026153199,-212.36738032611,0.623568343788148,-118.169959632215,0.00636277704029716,-0.632361612499955,-0.00297767769950783,-0.005351289062534,0.116508795824746,4.98389995200037E-06,2.13416169604046E-06,2.35848439957533E-06,77.3624647042687
56.29375,-0.571712918292704,-0.311528162259866,0.00184670038042658,0.00437581325314748,-195.406002597959,-181.006994231713,0.822953710820096,1.03485655156981,-202.217182004565,0.60875424821253,-110.188776694736,0.00665288954685675,-0.653185427490078,-0.00323011833621207,-0.00592787620557439,0.128573701940015,4.98389995200037E-06,2.13416169604046E-06,2.35848439957533E-06,77.3624647042687
57.5425,-0.532503226678782,-0.283402267263564,0.00185490594307713,0.00477484315829564,-192.592953961592,-172.005457906462,0.86906132168077,0.999655694083238,-192.526643068017,0.595702863009565,-102.464143728151,0.00695142179132271,-0.670641597150313,-0.00348337033494832,-0.00654513445141944,0.139735039021407,4.98389995200037E-06,2.13416169604046E-06,2.35848439957533E-06,77.3624647042687
58.79125,-0.496069626494676,-0.257076009755485,0.00185509447163502,0.00519474145844228,-189.290214839242,-162.519727848881,0.911131502992592,0.968070609191316,-183.24629359338,0.58431633350469,-94.9629314988382,0.00726689521936197,-0.685265067717939,-0.00373958487388853,-0.00721613219918683,0.149961385447712,4.98389995200037E-06,2.13416169604046E-06,2.35848439957533E-06,77.3624647042687
60.04,-0.462122604280559,-0.232357198645487,0.00184895330075583,0.00564247015035687,-185.505469258789,-152.570409553544,0.949254764227168,0.939768850022219,-174.332261518164,0.574521613874959,-87.6549979262658,0.00760747379172115,-0.697503665426733,-0.00400100164681257,-0.00795737472965847,0.159239333528286,4.98389995200037E-06,2.13416169604046E-06,2.35848439957533E-06,77.3624647042687
61.28875,-0.430408423973027,-0.209075661176463,0.00183784916104169,0.0061265748471414,-181.246814576361,-142.181175163016,0.983499140186063,0.914473263409258,-165.745366008177,0.566267988872236,-80.5126481150522,0.0079810210088543,-0.707734711725266,-0.00427001205988678,-0.00879035441380485,0.167566466462767,4.98389995200037E-06,2.13416169604046E-06,2.35848439957533E-06,77.3624647042687
62.5375,-0.400703636048016,-0.187079865878308,0.00182289333075196,0.00665788193405728,-176.522722550236,-131.379544568563,1.01391202536747,0.891955218028843,-157.450363479341,0.559525239876978,-73.5101711896531,0.00839506039695972,-0.716278046143236,-0.00454923081989086,-0.00974393113975031,0.174946364284466,4.98389995200037E-06,2.13416169604046E-06,2.35848439957533E-06,77.3624647042687
63.78625,-0.37281053116304,-0.166234089840041,0.00180499168592865,0.00725055205604789,-171.341894493308,-120.197657347692,1.04052102210044,0.872030241680084,-149.415313664923,0.554282319398287,-66.6234363009194,0.00885668814101706,-0.723406063863746,-0.00484157912679587,-0.0108581319732042,0.181384928675788,4.98389995200037E-06,2.13416169604046E-06,2.35848439957533E-06,77.3624647042687
65.035,-0.34655334827366,-0.146416021786583,0.00178488229963796,0.00792374027624849,-165.712961972782,-108.673007306134,1.06333305475912,0.854556205305907,-141.611039953463,0.550546403763192,-59.8295333585233,0.00937260544957097,-0.729351021726862,-0.00515038249819044,-0.0121904848790361,0.186887399285297,4.98389995200037E-06,2.13416169604046E-06,2.35848439957533E-06,77.3624647042687
66.28375,-0.321775087855259,-0.12751471404786,0.00176316183941227,0.00870433943134043,-159.643963630864,-96.8491012209106,1.08233042418522,0.83943457791506,-134.010663227161,0.548342168990445,-53.1064462282492,0.00994974964137578,-0.73430944903586,-0.0054794852241805,-0.0138271245995228,0.191455425015075,4.98389995200037E-06,2.13416169604046E-06,2.35848439957533E-06,77.3624647042687
67.5325,-0.298334811533548,-0.109428812261079,0.00174030046699576,0.00963177719454531,-153.141506683093,-84.7759901442757,1.09746156894491,0.826615819652211,-126.58919206962,0.547711059264726,-46.4327473621372,0.0105977701488663,-0.738442922376164,-0.0058333804829882,-0.0159034940710468,0.195083431073131,4.98389995200037E-06,2.13416169604046E-06,2.35848439957533E-06,77.3624647042687
68.78125,-0.276105332726727,-0.0920650018633975,0.00171664282747731,0.0107670136284576,-146.209514608231,-72.5106000222902,1.10862286078327,0.816110737733662,-119.323154830604,0.548710157767217,-39.7873027780264,0.0113364510285113,-0.741873530181523,-0.00621734759891923,-0.01864598699541,0.197753241316839,4.98389995200037E-06,2.13416169604046E-06,2.35848439957533E-06,77.3624647042687
70.03,-0.254971220665187,-0.0753366127770993,0.00169238842973473,0.0122110053361502,-138.847510387649,-60.1167377374308,1.11562483154826,0.808010604944941,-112.190260863423,0.551410052493209,-33.1489735115172,0.0122157875149514,-0.744670315805971,-0.00663756648816878,-0.0224643552098904,0.199425245329635,4.98389995200037E-06,2.13416169604046E-06,2.35848439957533E-06,77.3624647042687
71.27875,-0.234827053267254,-0.0591623059455131,0.00166752925754125,0.0141474071350066,-131.04854885892,-47.6644775089758,1.11812505258552,0.802519983363558,-105.169079250078,0.555891712722734,-26.4962880384988,0.0133690682308913,-0.746815642397857,-0.00710109518618135,-0.0281856704347697,0.200021719795597,4.98389995200037E-06,2.13416169604046E-06,2.35848439957533E-06,77.3624647042687
72.5275,-0.215575862079619,-0.0434646655304805,0.00164163405230175,0.0169593075233789,-122.797150652524,-35.227851750957,1.11543775476529,0.800008162078829,-98.2387228020426,0.562254264429149,-19.8070098736535,0.0151616817295773,-0.748098748397455,-0.0076151106921954,-0.0377693934202834,0.199380602825286,4.98389995200037E-06,2.13416169604046E-06,2.35848439957533E-06,77.3624647042687
73.77625,-0.197127712180122,-0.0281679566033875,0.00161263505539499,0.0216413617165744,-114.066787480995,-22.8749739627786,1.10546371812836,0.801096650774628,-91.3785214156463,0.570809482890905,-13.0572520588366,0.018665526805253,-0.747536738063419,-0.00818066134669829,-0.0572506936907539,0.19699813154908,4.98389995200037E-06,2.13416169604046E-06,2.35848439957533E-06,77.3624647042687
75.025,-0.1793982177176,-0.0131921630904804,0.00156406126761198,0.0321504231568225,-104.801421762431,-10.6142432258962,1.07229627730083,0.806931784047279,-84.5675982334496,0.585885633604289,-6.21873261763425,0.0252657638663036,-0.737292190383527,-0.00871837684627421,-0.118559879595532,0.189044382937035,4.98389995200037E-06,2.13416169604046E-06,2.35848439957533E-06,77.3624647042687
76.27375,-0.162304974907875,0.00147849638422644,0.00153065913451894,nan,-95.0351149154098,1.14399824996512,nan,0.818469867149217,-77.783377879326,0.619369583748443,0.708557719889843,-0.00141681464853545,-0.733556306159486,-0.0094307591950755,1.03528094545851,nan,4.98389995200037E-06,2.13416169604046E-06,2.35848439957533E-06,77.3624647042687
77.5225,-0.145773317309827,0.0159591324473547,0.00153089269743108,nan,-84.7333847192083,12.3955261918856,nan,0.83797511192035,-71.0044675434686,0.627121874721054,7.77350562360925,0.0050861118568982,-0.745679818867304,-0.010501871849272,0.0959258094060635,nan,4.98389995200037E-06,2.13416169604046E-06,2.35848439957533E-06,77.3624647042687
78.77125,-0.129722000781082,0.0303349000361921,0.00150861907898225,nan,-73.7546980293657,23.3104711204367,nan,0.870505570918733,-64.2038755159917,0.644078975348094,15.0137843541322,0.0128918361519053,-0.746667419287539,-0.0116296315960173,0.0497321262698192,nan,4.98389995200037E-06,2.13416169604046E-06,2.35848439957533E-06,77.3624647042687
80.02,-0.114066265598448,0.0446602148965752,0.00148469452225455,nan,-62.0234775969318,33.6544019486519,nan,0.92465458139289,-57.3502927139222,0.667202010800019,22.4542846524126,0.0219856120538881,-0.74647543684654,-0.0130160702155462,0.0332442314864097,nan,4.98389995200037E-06,2.13416169604046E-06,2.35848439957533E-06,77.3624647042687
81.26875,-0.098708247687058,0.0590098278621519,0.0014633825356619,nan,-49.381974113258,43.31978190481,nan,1.02067726910845,-50.4030584811041,0.695571108235081,30.1319887080307,0.0343712660422817,-0.747242072000271,-0.0148253319246571,0.0247989629639387,nan,4.98389995200037E-06,2.13416169604046E-06,2.35848439957533E-06,77.3624647042687
82.5175,-0.0835254489602093,0.073464320710694,0.00144836546324213,nan,-35.7184001512879,52.2184670940702,nan,1.21241904727424,-43.3056686815846,0.729421027351859,38.0892479144959,0.0521092010677433,-0.750938015441184,-0.0173404091959101,0.0197152229712415,nan,4.98389995200037E-06,2.13416169604046E-06,2.35848439957533E-06,77.3624647042687
83.76625,-0.0683902694473325,0.0881109283624658,0.00144713471218979,nan,-21.5474067787558,60.2750784572572,nan,1.67050679410013,-35.9950894191507,0.769380074591019,46.3744443594241,0.0785834220437878,-0.76165430824838,-0.0211599504415497,0.0164240093605262,nan,4.98389995200037E-06,2.13416169604046E-06,2.35848439957533E-06,77.3624647042687
85.015,-0.0537528570625468,0.103045532080313,0.0014853785348474,nan,-9.70604720094038,67.4380160554412,nan,2.95824801164793,-28.7128948331428,0.816206047402631,55.0433165292868,0.117912197204363,-0.793437223417802,-0.0276334806374852,0.0144147786406664,nan,4.98389995200037E-06,2.13416169604046E-06,2.35848439957533E-06,77.3624647042687
86.26375,-0.0436223376177528,0.118376119891984,0.00160898345200189,nan,-5.3140983448381,73.7225256126787,nan,4.44925758244004,-23.643792354603,0.870306240394401,64.1611740983503,0.139262103819225,-0.872086933407324,-0.0368843931772031,0.0135921286613386,nan,4.98389995200037E-06,2.13416169604046E-06,2.35848439957533E-06,77.3624647042687
87.5125,-0.032323006029142,0.134226295214,0.00174142570519422,nan,-6.59195122764882,79.1138604199171,nan,2.69617276110176,-17.773039342498,0.932899769210314,73.8053021270777,0.140919570413875,-0.95753555664191,-0.0538757349370346,0.0129738044428465,nan,4.98389995200037E-06,2.13416169604046E-06,2.35848439957533E-06,77.3624647042687
88.76125,-0.0177274675733629,0.150740355027381,0.00217127430008581,nan,-5.79548941816696,84.1593322073053,nan,1.7059247121139,-9.88666861724564,0.9989195918581,84.0684057795716,0.0967994929377824,-1.21092702007511,-0.122480793779499,0.0144040678403034,nan,4.98389995200037E-06,2.13416169604046E-06,2.35848439957533E-06,77.3624647042687
90.01,-0.00305038179960742,0.168146477936192,0.00177431524351031,nan,-1.24104867174029,85.8890648629296,nan,1.39006790775921,-1.72514193055337,1.10718585972032,95.0951581208373,-0.679971581312163,-1.00346311566427,-0.581669889237688,0.0105521998752994,nan,4.98389995200037E-06,2.13416169604046E-06,2.35848439957533E-06,77.3624647042687
91.25875,0.0115524012976972,0.186482812302393,0.00101048216230183,0.0217707360851436,5.22258419875081,87.2514883905782,0.464731660498423,1.26835609549544,6.62409650272378,1.22551985015186,106.928430977948,-0.234642015055197,-0.579406063283358,0.0874694478024453,0.00541863429570802,0.0488477545293075,4.98389995200037E-06,2.13416169604046E-06,2.35848439957533E-06,77.3624647042687
92.5075,0.0262639545477516,0.20612362487739,0.00109389630929797,0.0148673036766745,12.2701742484518,88.2502332572918,0.489232735037355,1.24413125542949,15.265707292065,1.35759028695389,119.807659491515,-0.0475099792527604,-0.635818221328839,0.0416500990857681,0.00530699142298053,0.0535950889427716,4.98389995200037E-06,2.13416169604046E-06,2.35848439957533E-06,77.3624647042687
93.75625,0.0412267008108132,0.227343205626985,0.00119974483386778,0.0123924908822111,19.0945399254932,88.1604526253969,0.508452179166874,1.27188978568382,24.2861502935666,1.51910665019055,133.92512986705,0.0340527108211763,-0.706755155668454,0.0291011604196353,0.00527724077154202,0.0574215895994975,4.98389995200037E-06,2.13416169604046E-06,2.35848439957533E-06,77.3624647042687
95.005,0.0565888438368552,0.250517859100758,0.00130625064386176,0.0109708874893948,25.2491550571144,87.0458637114536,0.514326919264369,1.33785886966992,33.7798060448316,1.71797517269436,149.542632742014,0.0765431717905319,-0.779745448109844,0.0230831831027978,0.00521420168825725,0.0586083149915459,4.98389995200037E-06,2.13416169604046E-06,2.35848439957533E-06,77.3624647042687
96.25375,0.0725064813747956,0.276132283750182,0.00141507041570262,0.0100007148415607,30.4540614088528,84.9609905221442,0.508701990676603,1.43988941017659,43.8504805194745,1.96560000468066,166.999323368,0.0953017816178871,-0.855806495100759,0.0195164678918555,0.00512461055434879,0.0574718931257677,4.98389995200037E-06,2.13416169604046E-06,2.35848439957533E-06,77.3624647042687
97.5025,0.0891555917906197,0.304820674970058,0.00152620317424268,0.00925797169667708,34.5240428699917,81.9694549835546,0.492495986979772,1.58205857687741,54.6190581309539,2.27817977822756,186.741154775868,0.0953734896143931,-0.934992166160214,0.0171184234616146,0.00500688863835301,0.0542386111525806,4.98389995200037E-06,2.13416169604046E-06,2.35848439957533E-06,77.3624647042687
98.75125,0.106743695872671,0.337431114358016,0.0016396159921703,0.00863929820024833,37.3469206761312,78.1436842757415,0.466716124942008,1.77341307639724,66.2315174902214,2.6792529215291,209.366694394828,0.0791708947092307,-1.01733647476672,0.0153603074988721,0.00485911323053232,0.0492265820727775,4.98389995200037E-06,2.13416169604046E-06,2.35848439957533E-06,77.3624647042687
100,0.125523428155474,0.375126511654618,0.00175683206931531,0.0080961580064092,38.8807241645576,73.5604980942673,0.432980640556153,2.02847806063301,78.8686959493287,3.20415093348248,235.698938636183,0.047851278700346,-1.10385014451039,0.0139960491450193,0.0046833055375538,0.0429303160214524,4.98389995200037E-06,2.13416169604046E-06,2.35848439957533E-06,77.3624647042687
